"","Sepal.Length","Sepal.Width","Petal.Length","Petal.Width"
"1",5.84333333333333,3.05733333333333,3.758,1.19933333333333
